1.705370508348642744e+01,1.289407637839039111e+01,4.932017200895446152e+00,6.080905701915123274e+01,7.421107324087920176e+01,3.301954313872715208e+00
7.905750413344141236e+01,3.671455382292688796e+01,3.623739006075248170e+01,9.578129423317625069e+00,2.263171014612312888e+02,7.761888906474078809e+00
8.702719597413677377e+01,3.608620126219595647e+01,3.601838030403050084e+01,-1.022671209788442503e+00,3.364889199443171606e+02,1.054299516919208024e+01
7.328394514094161138e+01,3.562302139857677474e+01,3.712680666026930254e+01,3.196014635102046952e+01,1.403357007458598389e+02,1.065688820058768727e+01
1.038037827187731743e+01,2.014193257920010893e+01,5.955158068568943364e+00,4.755637518295015553e+01,7.150037161182314094e+01,5.684648177590721829e+00
1.446397018293241388e+01,1.248953408767236439e+01,5.856308732722446564e+00,5.781203555523876503e+01,6.284302568564012859e+01,3.088128637133852994e+00
7.073822880751890807e+01,3.546116976572411517e+01,3.856464248864524080e+01,5.032585778833859536e+01,1.077436937165573738e+02,8.353959648382252468e+00
6.936913996574156727e+01,2.908648963003181720e+01,3.218251148434806197e+01,3.436813349081701574e+01,9.865703018181240225e+01,9.577071654265383316e+00
4.036029366426900111e+01,1.862237759201483556e+01,1.022816251387979314e+01,2.414748934557097826e+01,1.031153456068684875e+02,7.705080463593984241e+00
1.721395510748953228e+01,1.993324694800740104e+01,6.520263313080668865e+00,4.082303931287525955e+01,7.198995333141515118e+01,5.474526428408631240e+00
1.418547284210415604e+01,1.215915990369434674e+01,6.051240254538557295e+00,5.663708281085311569e+01,6.450045074667204403e+01,2.783844074108606126e+00
9.031633993182718712e+01,3.484621920458435795e+01,3.804661975257388917e+01,-1.754120599793969060e+00,2.737013192199542573e+02,7.834750723591858090e+00
8.239622540047933796e+01,3.489756810435086010e+01,3.899163435993926186e+01,9.269958781608895748e+00,2.089211345526041725e+02,1.225903640554692053e+01
6.936913996574156727e+01,2.842698949323092705e+01,3.215291598518679450e+01,2.772668237472998953e+01,9.902273097311933725e+01,1.047399827809386963e+01
1.674969618853096165e+01,1.871982346401211927e+01,6.725725839971164355e+00,3.620958375857542677e+01,7.207541123890986512e+01,5.447687022117199795e+00
1.371749356077057058e+01,1.214462172941774121e+01,7.009596094537236866e+00,5.733998407948890019e+01,6.630611161505662210e+01,2.812752245337021062e+00
6.038366728820616913e+01,1.564461571316887678e+01,1.352551859612607821e+01,3.808243983880486638e+01,1.083806915368202795e+02,1.160662747191115685e+01
5.818718196641128060e+01,1.517544802701277895e+01,1.317205013049693818e+01,3.036360873475418742e+01,1.261964253476324842e+02,9.875729301699015750e+00
7.697193609470558329e+01,3.312878996755879513e+01,3.745563276113699658e+01,3.724883487936843096e+01,1.656553112214918144e+02,1.273622783135770931e+01
1.571509330990081743e+01,1.826612434701469923e+01,7.592531013200669143e+00,3.381120052353146832e+01,7.723115029864854364e+01,5.477066425557644003e+00
1.382344374780934437e+01,1.263381626095724108e+01,5.289865971432013758e+00,6.340004827123285480e+01,6.115509093895219905e+01,2.958724577733210293e+00
3.006272641156336078e+01,1.562530891853326231e+01,2.002683895854487872e+01,4.835635525994603512e+01,1.056207863487977789e+02,2.044261969568590587e+01
8.596366863298246130e+01,3.010510737891709709e+01,3.398548661996391473e+01,1.803172610843167689e+01,2.068863680350251855e+02,1.808588101391502789e+01
2.792849287403214475e+01,1.244709876166581708e+01,5.229958921803900651e+00,3.280221904500231034e+01,1.117184914797177981e+02,5.939047057151204179e+00
1.577859305019537572e+01,1.693684874210660851e+01,5.107661090245274593e+00,4.019520173987286427e+01,7.431337927526094234e+01,5.425723684668936286e+00
1.000650880407065380e+01,1.306994750942888928e+01,4.203614379181342287e+00,6.474223896991509264e+01,5.739793277466689858e+01,2.881240869247473135e+00
4.183701700521434930e+01,1.710014793133957767e+01,1.412104969142058053e+01,5.021911903060518512e+01,9.183377762108294462e+01,6.780076696132243619e+00
1.669109151772300237e+01,1.929837628550766127e+01,1.045205083760434661e+01,5.035340485052441295e+01,6.636465838035277898e+01,5.539579396877717166e+00
8.857092575791440936e+00,2.040787174745006993e+01,9.109031550561502044e+00,4.706063824523479155e+01,6.252555152314445053e+01,5.663513066070285262e+00
9.573262426522266111e+00,1.986446197566971605e+01,9.261380447088862766e+00,4.710364166144240983e+01,6.386349193457503759e+01,5.597766888207857505e+00
8.134861600109131174e+00,1.369262194800860577e+01,6.098887302086573925e+00,6.613266509271157645e+01,5.846428332023238994e+01,2.737962862422494315e+00
3.654200483436079594e+01,1.743582767271544753e+01,1.491993031462064323e+01,5.541255564594416683e+01,9.234202271869742162e+01,6.696907468499496474e+00
3.330697165867510279e+01,1.748997455636513365e+01,1.342714411010758369e+01,5.423137333123451498e+01,9.305626671799362271e+01,5.105782609210280931e+00
8.558356518193241058e+00,2.127059671937850638e+01,9.492723524652957323e+00,4.825439191584494836e+01,7.037208066405648310e+01,5.456410169244970021e+00
6.571963267782997775e+00,2.018050620981163945e+01,9.510877962077927350e+00,4.680082267401588325e+01,6.830052898343774359e+01,5.303470544021475774e+00
6.201852604663129931e+00,1.358313373467571417e+01,6.373233792692046151e+00,6.468919032472999220e+01,6.100246925864097847e+01,2.712379195347470962e+00
3.545726010602950851e+01,1.789089406618348832e+01,1.752040991670825321e+01,5.189395954171590120e+01,1.030306811059100909e+02,6.725632386676963392e+00
3.551175740321647112e+01,1.742117606423671106e+01,1.467436773051455745e+01,4.998246483180398769e+01,9.911877521679633674e+01,5.155717577217846959e+00
2.519878415506446956e+01,1.670429720578790622e+01,1.087607717721161116e+01,4.568375402573886390e+01,1.004387714375701535e+02,5.343422715687609958e+00
6.571963267782997775e+00,1.986661939272664412e+01,8.678883418740543476e+00,4.923339669021925857e+01,6.371751191766035305e+01,5.348686126457905310e+00
6.398900187807977424e+00,1.299706195036965362e+01,6.803744430842796120e+00,6.465264890183500768e+01,6.331213083811886833e+01,2.689050189524164303e+00
6.431822619192483614e+01,2.550844449555196292e+01,3.442593062774887613e+01,8.802056968176442808e+01,6.963378831694805626e+01,8.924449471914485343e+00
8.345077141223374895e+01,2.670722238954148864e+01,3.483301763757604874e+01,9.511496426037243168e+01,1.359957895021969705e+02,1.087668576807216780e+01
2.425825567075728983e+01,1.498665205549772672e+01,1.086308515563346511e+01,6.549313516157434378e+01,1.041098322682384634e+02,5.758369394423070275e+00
9.186944962328025710e+00,1.524103511113951015e+01,9.350414987424040092e+00,5.631450375989204815e+01,6.534880421815725526e+01,5.373888376496094743e+00
6.801609493785433003e+00,1.204380727543481022e+01,4.890518481791189309e+00,6.674695004506990870e+01,6.201988952657762866e+01,2.689050189524164303e+00
3.168570492841444519e+01,2.103071386692913336e+01,2.731752350580381616e+01,8.272755295149039512e+01,9.067523553803719949e+01,1.749997342801462707e+01
2.706190330420130508e+01,1.165883630775855906e+01,4.345228429282744997e+00,6.440907250147583341e+01,1.248355626241160223e+02,6.107430096988084145e+00
1.699978522182731666e+01,1.306831449414345059e+01,4.239650559582066158e+00,6.110548281789364466e+01,8.537863994689811875e+01,5.392508200881811931e+00
6.864781906600486039e+00,1.645750431895348243e+01,3.594068891211398054e+00,5.321220001670785393e+01,7.227614788894737785e+01,5.339751614733418528e+00
6.072123945304165105e+00,1.327630557369228015e+01,3.214094231155524728e+00,6.088793530576878510e+01,6.433122464659608397e+01,2.799950133704854238e+00
6.506727342999565167e+01,2.677433551836057291e+01,3.115117692192391630e+01,2.507407038701775548e+01,2.036886385169919151e+02,7.929653993317294258e+00
6.703844379435722090e+01,2.636738183061294905e+01,3.173709419363590456e+01,2.879648441016960803e+01,1.447058386322205195e+02,9.396791470945101921e+00
1.803151522822568253e+01,1.714252498146969117e+01,9.798037379703801619e+00,4.691434264316622915e+01,7.689822917498831600e+01,5.519765357676937434e+00
6.907919944242230770e+00,1.620649634611346102e+01,8.178126724142835258e+00,4.345802631352361800e+01,7.230353836806894208e+01,5.364308914954893481e+00
6.464386055453053004e+00,1.331909584592195550e+01,5.454937321245861170e+00,6.279214012985374893e+01,6.466706438364337828e+01,2.839448557233823056e+00
8.188461659820278271e+01,2.701411001018798785e+01,3.142339005234417471e+01,1.968502054641277921e+00,4.191597239494397513e+02,6.678660860396386845e+00
6.339064585156857135e+01,2.616310825388907446e+01,3.194134764010254202e+01,3.407867397299177270e+01,1.271406409149362418e+02,9.476608882033486836e+00
4.444703490656509359e+01,1.806658769691199140e+01,1.874267054139144406e+01,3.105719729387537953e+01,1.253018719367589711e+02,9.515099277566459790e+00
9.437571892802990803e+00,1.685355973900368198e+01,8.335486247680728766e+00,4.470109237550861536e+01,7.871214217427402104e+01,5.319899640470339364e+00
6.498298997949905065e+00,1.336466452375736580e+01,5.587664773661736639e+00,5.778189421656173863e+01,6.913598300434034627e+01,2.732503607987754712e+00
6.546653263648059351e+01,2.686160470678255763e+01,3.140878850758864971e+01,2.995563831302677826e+01,1.729864165866037808e+02,7.718858184731837824e+00
5.679995750491633544e+01,2.490157979010792388e+01,2.848425378607474201e+01,3.347088089157719537e+01,1.228813504614598173e+02,8.849903584460404815e+00
6.339064585156857135e+01,2.607933413235358344e+01,3.204792708380134769e+01,2.775744534032198274e+01,1.334960188057629011e+02,9.451124099184985639e+00
7.226466613098785352e+00,1.492182720200451662e+01,8.228976763171027997e+00,3.599054183851283284e+01,7.898029463043411624e+01,5.222106063649415653e+00
6.739353868552281135e+00,1.299813793521564875e+01,6.028021539865546785e+00,5.362896687574038168e+01,6.946877713176716895e+01,2.689091794151262427e+00
5.660866366547560347e+01,2.143614583182320743e+01,2.823626991373037853e+01,3.548954312354826612e+01,1.149189493644817617e+02,7.447560418371512725e+00
4.605536033224638715e+01,1.692823715943060847e+01,1.664200319744482215e+01,2.487830775352041357e+01,1.329634477271268054e+02,8.123786427822835776e+00
2.281248172545505781e+01,1.528387855384373673e+01,1.028928909879956599e+01,1.716837866391790257e+01,1.398184470134976323e+02,5.069292878037110484e+00
7.950422022980866643e+00,1.482218953792256499e+01,8.520428015783100051e+00,3.445839192861078004e+01,7.331271542555661824e+01,5.227225505674419459e+00
6.817002784207966570e+00,1.299214360999606299e+01,4.842608321455535325e+00,5.364910677697287156e+01,6.663726022912037195e+01,2.666829481677670532e+00
2.336340284283852853e+01,1.555115929236087524e+01,1.639049575824771310e+01,2.392681074453802381e+01,1.218921612930620029e+02,1.644718966827590023e+01
2.337011955894126203e+01,1.198923660711428951e+01,2.934867319526722973e+00,1.273570604038004106e+01,1.384611751857047750e+02,1.023341429077022724e+01
1.814483838181620712e+01,1.357179553313511100e+01,3.220275000475234961e+00,3.154597609309709938e+01,9.707734416694918878e+01,5.289358775394703116e+00
2.240971468152943658e+01,1.582636464157848799e+01,-1.759711545758454676e+00,-9.538421580256444265e-01,1.530186185914666623e+02,1.489297568062150567e+01
6.541732514252732500e+00,1.278694039639949054e+01,3.876484617963060764e+00,5.346157904172391540e+01,7.408493411975634046e+01,2.743056233584662884e+00
7.764792185314551887e+01,2.692471675052734881e+01,3.102545442154575639e+01,1.900164288734047702e+01,2.546076575743909984e+02,7.717563252819907405e+00
6.684673018010145995e+01,2.696218068110466604e+01,3.139400158596781409e+01,4.653073240727198367e+01,1.523541408115999900e+02,9.281300590951556018e+00
4.216908043970680353e+01,1.760831294814920156e+01,1.668005256319359475e+01,3.476122901793652886e+01,1.180618012576192513e+02,7.673636909887452617e+00
4.738629186034905416e+01,1.849509786002187894e+01,1.829775782261475214e+01,2.319767884722012496e+01,1.126412702327141488e+02,8.243835056253390192e+00
8.557378005214493655e+00,1.287499310590491319e+01,5.621019631912460568e+00,6.120710867894930374e+01,6.964540838472302653e+01,2.760292344640039808e+00
5.550563747442078721e+01,2.492991310721207299e+01,2.952748284738003193e+01,3.988997091148791441e+01,1.094139134943255556e+02,8.493602863523141977e+00
6.898232837417054952e+01,2.663400714424006566e+01,3.229593760526664425e+01,3.418425320838721149e+01,1.501608417956364860e+02,9.491544255438194355e+00
5.567303431943586389e+01,2.453653138195711847e+01,2.972719542908260948e+01,3.299503882911530184e+01,1.227245427755442080e+02,9.473495227988601997e+00
7.732647370827761435e+00,1.525777515660676897e+01,8.483683297947404611e+00,3.591239864029705586e+01,7.572265093008788028e+01,5.263005740350148010e+00
8.270546481643730630e+00,1.273145709782214929e+01,6.861210092530195759e+00,5.918398135506097901e+01,7.462585413411838431e+01,2.731514822796608843e+00
6.929366255816073306e+01,2.659248848872561410e+01,3.171229884896738938e+01,2.650249864565829228e+01,1.628261202633745199e+02,7.430007617888046312e+00
6.432517567103128897e+01,2.652328827545100509e+01,3.317661850660991263e+01,3.147112203281962550e+01,1.546768999765233730e+02,9.530753597677888322e+00
7.573604923287595625e+01,2.637605145428165088e+01,3.337387796157921827e+01,-4.440494482387279618e+00,3.915773375778576906e+02,1.117333205417827990e+01
9.872522435246951389e+00,1.641833787398762468e+01,1.003717896859182623e+01,3.556602733922515114e+01,8.470338802802649525e+01,5.258055478925264481e+00
8.311369905691051940e+00,1.404662635407923865e+01,5.880840634095203079e+00,5.943660207676479246e+01,7.388127861135744467e+01,2.832669073537472659e+00
7.752608210849821546e+01,2.550257825547065238e+01,3.066077571112662881e+01,-1.534907434841480400e-01,2.400009264645211999e+02,6.809838043953328146e+00
6.945401327883817544e+01,2.534106256682005309e+01,3.177124901314474315e+01,7.384971799224155475e+00,2.399266427000306408e+02,1.181805922252041441e+01
5.561431626261573058e+01,2.248589081519758182e+01,2.802892886928428595e+01,2.557772256545283796e+01,1.273335432068866595e+02,9.128239652303520302e+00
7.953579291606003743e+00,1.434296416994014933e+01,9.237138774318415457e+00,4.296005252159887533e+01,8.373158778333441887e+01,5.254860994076979708e+00
1.034099185591878367e+01,1.325106656994260668e+01,4.864897780706463060e+00,5.348628625633328681e+01,7.845846637594108586e+01,2.676599537265304640e+00
8.875914861217447083e+01,2.384767724205821438e+01,2.559213673246312837e+01,-1.042433740922873220e+01,4.017236543067236312e+02,1.324191081075776744e+01
7.882446532567553277e+01,2.334010198622106813e+01,2.577228620981558294e+01,-2.300537396849293703e+00,2.814795343737507665e+02,1.609408269939067537e+01
5.276659696699473301e+01,2.361810676373873363e+01,2.545446474275392390e+01,1.826012011366418974e+01,1.574918471293658513e+02,1.808114437913149075e+01
1.780284146158323821e+01,1.657422202782359832e+01,3.038417047130047344e+00,1.314285903656367083e+01,1.384841316772951529e+02,5.479813150508167752e+00
9.127570795206390031e+00,1.262675786663740851e+01,4.154036490878099563e+00,4.156839795568146911e+01,9.294953869353729203e+01,2.860624848796174735e+00
9.664602402336799969e+01,2.881080060336005033e+01,3.085126846673394496e+01,2.242389613745384924e+00,4.940905121581040476e+02,8.601846341058827505e+00
7.331062554507012408e+01,2.865068893887767487e+01,3.024544105630270607e+01,2.391163770118838183e+00,4.274039859366718588e+02,1.006491859426948565e+01
5.199139482317608696e+01,2.820418688995562562e+01,3.123762563915660451e+01,3.947799288988082367e+01,1.270849593838167095e+02,1.062233007185954747e+01
1.748444022720475388e+01,2.127450990813124676e+01,8.218387543191926881e+00,2.325137826181391176e+01,1.219540213502199748e+02,5.237073587980561662e+00
1.097809178715463574e+01,1.321377655594722000e+01,5.552549259972630935e+00,5.768114857703728404e+01,7.536858649134725852e+01,2.755924376775057638e+00
8.055488464353408062e+01,2.689980659479194358e+01,2.987028304927381583e+01,-1.738058481241029352e+00,3.571200970706177600e+02,8.126024082249822200e+00
5.294047745974307162e+01,2.642243470340454436e+01,3.035535971149507617e+01,4.011661128404525556e+01,1.280845850525507785e+02,1.030888084529584603e+01
3.866296641478649576e+01,1.854280808016197213e+01,1.476814129055922287e+01,2.669740025273680928e+01,1.201134076958972940e+02,1.314732359976584064e+01
1.547878908398393705e+01,2.052572804305318144e+01,8.228738107640781507e+00,4.181412792189582461e+01,8.505519982071308505e+01,5.315541675258999454e+00
1.189945274636369632e+01,1.300671392240546176e+01,6.202549904376718715e+00,5.577590171098976413e+01,8.083031174401186547e+01,2.741822742925030365e+00
5.512628043933676736e+01,2.755483157113245340e+01,3.078488044834254822e+01,5.915937751491696872e+01,1.485742096968313888e+02,7.667029061829834902e+00
5.419544459994138208e+01,2.671423607607509609e+01,3.052419584892102478e+01,4.311033658431005477e+01,1.265746711265939979e+02,8.660625768682216119e+00
3.953111838521302701e+01,1.829220135292800720e+01,2.190655828917458336e+01,2.710727235949681813e+01,1.210910523592504120e+02,1.108165673473938284e+01
9.829485042695724317e+00,2.054632153314130250e+01,7.919440597242277668e+00,3.937902785024575536e+01,8.166007907139348276e+01,5.351452418269309064e+00
9.395722393906689618e+00,1.363753749209448785e+01,6.176921523773277301e+00,5.590539645764120280e+01,7.350033617572738365e+01,2.741079498792373226e+00
6.960749551695030846e+01,2.561038381751856008e+01,2.993701921803546284e+01,1.129448920369577891e+01,2.731793507489214790e+02,8.560827967774958580e+00
6.460357319714884738e+01,2.555933091521169231e+01,3.029591466583875814e+01,1.313467087279937218e+01,2.525726350652228120e+02,9.931999536884767110e+00
5.070641471803484279e+01,2.133212543337653599e+01,2.150954218452766753e+01,2.678702651580200467e+01,1.272051476260972720e+02,9.247392608239639600e+00
8.531121730259002334e+01,2.494369061854041547e+01,3.250807417916602304e+01,7.473412237898631183e-01,5.097249478004477510e+02,9.499767573933311837e+00
8.072300011557038246e+00,1.322296918914527453e+01,3.802426853389712758e+00,5.944410325334970224e+01,7.084658319121380998e+01,2.397264357600104923e+00
9.375149369686408818e+01,2.241269696775957598e+01,2.557411758580893846e+01,-1.384254491230631379e+00,5.093261820003708635e+02,1.454006771171324530e+01
6.254025506831895598e+01,2.244577009346544472e+01,2.431001044034029590e+01,6.142385509452136461e+00,2.757032958892084480e+02,1.604143314820041866e+01
5.107809263873004113e+01,2.282234414215953677e+01,2.383038344138302378e+01,1.607105747960699560e+01,1.846727021402344064e+02,1.746504749285223923e+01
1.166168792562003809e+01,1.579433950205923942e+01,2.763908933581774363e+00,3.789274521422702691e+01,8.101701147937954772e+01,5.101267032996835482e+00
8.301377722090034439e+00,1.362942370088660127e+01,3.084803058719486568e+00,4.808450537978744421e+01,7.676026639348249603e+01,2.728603969848637067e+00
5.148886394979850678e+01,2.464353830498217945e+01,2.762112942165684615e+01,7.144679047445732678e+00,2.644774563545224737e+02,6.335315161949993445e+00
5.360046663390113508e+01,2.463614881625669284e+01,2.809367343203260603e+01,1.092272218479450530e+01,2.149432170362836132e+02,7.314993008595955359e+00
5.131556308014422285e+01,2.029872832588184295e+01,2.144946272251248587e+01,1.884649002234940340e+01,1.343975419393132427e+02,8.020081784211676279e+00
1.191443486741659363e+01,2.098957359346879059e+01,7.583814014977970253e+00,3.665556961644006151e+01,8.926676362378954366e+01,5.305760290267274470e+00
8.244400912344307386e+00,1.328281129665444560e+01,4.768949366884015717e+00,5.351370090426482307e+01,7.631833778918867495e+01,2.724238266566414435e+00
5.285153831326392293e+01,2.177009411309379416e+01,2.771805503662034553e+01,2.218127153547915853e+01,1.368275188315323021e+02,5.119451219816103738e+00
4.902446197911200443e+01,2.113699545899503462e+01,2.586781698898957416e+01,2.579140106329946747e+01,1.271402255106313248e+02,6.410483942492467335e+00
2.690742035519624054e+01,1.645464228959868080e+01,1.517742125739782466e+01,2.060429256363026695e+01,1.168498822902307950e+02,6.403202558899779184e+00
6.970691932181012795e+00,1.980858827306891357e+01,7.099914993570416222e+00,3.484728842600583221e+01,8.545516633460719902e+01,5.199378911643483647e+00
9.321140154153106039e+00,1.242062385106656208e+01,4.914265171222127471e+00,5.507602367565742441e+01,7.810446126884588125e+01,2.647237620936602642e+00
5.852971150791892541e+01,2.343811476956924977e+01,2.884868700609438719e+01,1.309637590586903499e+01,1.924937922665253325e+02,5.253864956609945125e+00
7.898570125010149923e+01,2.319561103083736953e+01,2.718075398388478092e+01,-6.848959048073475220e-01,3.671376312660477765e+02,6.430792238471950029e+00
6.139015131591357743e+01,2.276555925444871065e+01,2.709082105240421257e+01,5.160443297493120696e+00,2.523728667817792086e+02,7.673726581034751248e+00
3.694215387841825304e+01,1.628688353941080180e+01,1.696722025922560206e+01,2.091692016504197937e+01,1.194120412691637085e+02,5.521199065079738233e+00
2.265503484248577593e+01,1.291747667714004244e+01,1.031571104571326103e+01,3.916044832160439881e+01,1.055345490983548302e+02,7.417295211054913295e+00
5.325920184304797544e+01,2.106741020120000485e+01,2.968039372974530465e+01,2.515722525138179932e+01,1.293116426737778397e+02,5.200739544896443078e+00
5.943316319022532923e+01,2.174078758326384886e+01,2.868337057628972886e+01,7.069691945936606992e+00,1.936619172045673736e+02,5.883663589898531221e+00
6.372032520767625385e+01,2.159977685434442307e+01,2.811364100912058461e+01,4.462840254390484596e+00,2.117098858678708098e+02,6.615509758374823690e+00
6.970691932181012795e+00,1.887336496227103311e+01,8.233404998245630324e+00,3.966855944426940539e+01,7.785946334823151460e+01,5.201834589657518215e+00
6.712930304589361796e+00,1.056660387236627585e+01,3.804596945528186946e+00,5.677155567309466022e+01,7.176849606086274491e+01,2.636785875617146946e+00
5.615320846157552381e+01,1.803039883217837414e+01,2.367563192002823769e+01,1.540752571009890026e+01,1.984090365559061127e+02,1.479383578055456461e+01
4.778342346116597383e+01,1.790671129838550613e+01,2.355018998178600143e+01,1.263157513644823027e+01,1.641502099349270622e+02,1.437892472281056122e+01
1.766532349692933224e+01,1.021293628858252056e+01,-2.405444290157096598e-01,1.607403045297593991e+01,1.473726899957267733e+02,1.481944705723293865e+01
6.124852651823621841e+01,1.899999810247364351e+01,2.174933347427989361e+01,-2.574926784605331864e+00,2.352366744851959766e+02,1.226408562636711785e+01
1.230215899109435718e+01,1.274519044235500154e+01,4.582461303136690312e+00,4.951294496302875814e+01,8.153299205632849578e+01,2.591908512995341418e+00
5.642986625001911705e+01,2.211906135702594156e+01,3.258167953699865649e+01,1.066276912582828729e+01,1.422409164187757824e+02,5.462860583555037230e+00
3.240913927744102807e+01,1.767243045048180150e+01,1.683919244722709863e+01,2.209954943412369133e+01,1.205041658857773967e+02,5.568639024623555756e+00
4.043538488696675159e+01,1.792233015383802197e+01,1.722196017093171960e+01,1.938173139393359534e+01,1.247355885433494507e+02,5.731059028039892311e+00
1.332042258972623827e+01,1.776323053314816747e+01,9.503693905719137192e+00,3.813341932264671641e+01,8.485286213382731546e+01,5.213309104443101916e+00
1.172929761733179888e+01,1.276926654990215759e+01,6.038267434622600405e+00,5.459926868608063444e+01,7.976841216127370160e+01,2.451067108555331053e+00
7.425085440693031558e+01,2.205224079011958693e+01,2.954751808331160490e+01,-1.275432202624415368e+00,4.267363150148826207e+02,4.642716215641759625e+00
5.889690558750483262e+01,2.171876577498802519e+01,3.148520798100611628e+01,3.832130503373249120e+00,2.153004608029978044e+02,6.795871578298970483e+00
6.047924424646724617e+01,2.126934310812005435e+01,3.085519133332908126e+01,4.814130713869991141e+00,2.290447557932635618e+02,6.838788057404881826e+00
3.947722840472624739e+01,1.788045172287588258e+01,1.771778814745725583e+01,1.897946000428512292e+01,1.272737753187965950e+02,5.621716126496931309e+00
3.012432733514087957e+01,1.394389580703774456e+01,1.080640218821283227e+01,2.217304799044146790e+01,1.279270779536189480e+02,1.867318128676517830e+01
4.935041815972679302e+01,2.245423348147116727e+01,2.528652379481768264e+01,-3.372465252096638721e+00,2.601986825385413908e+02,6.105663320120553017e+00
5.376942520700013262e+01,2.219714771266008313e+01,2.564293673875064172e+01,3.239693022933977318e+00,2.401039374993396791e+02,6.803476183160204194e+00
5.779713450429657939e+01,2.207723380586908135e+01,2.507855052925393480e+01,-7.344510941907664847e-01,2.162503279231707438e+02,6.616647630335999786e+00
4.033859846496904566e+01,1.830907816879221883e+01,2.338863352447906507e+01,2.200766168508082998e+01,1.426510313172663587e+02,5.608451319634511378e+00
3.991552330449182762e+01,1.408446521229815218e+01,1.215214845917144615e+01,1.891540297949384097e+01,1.378821037100790079e+02,1.505126499559115238e+01
5.069420791911087321e+01,2.251284010151546155e+01,2.403230631619981850e+01,-5.304444073194147791e+00,2.507983430959285158e+02,5.787114888802298296e+00
4.785396614232271872e+01,2.237714417687177715e+01,2.577934535090624735e+01,1.494941885411092741e+00,2.102143659926613282e+02,5.880259295940356346e+00
4.299058648153134499e+01,2.053633625470209623e+01,2.330492591656055268e+01,1.169386860234216030e+01,1.700157375538738904e+02,5.868762463636700843e+00
5.331729613174226756e+01,2.229942271660474518e+01,2.394465451929249511e+01,4.281924272910808682e-01,2.399326541829556163e+02,6.285553376576001661e+00
1.894372036367739653e+01,1.216862797322969847e+01,7.299352331321995457e+00,2.887016699757971594e+01,1.186538442548097407e+02,8.946115329706591623e+00
5.081749609484075592e+01,1.933089186372531287e+01,1.824101814801147015e+01,-3.916201735205487644e+00,2.857196846139958666e+02,1.148849359208771581e+01
5.174379514608246211e+01,1.950414654873647535e+01,1.858461251275081239e+01,-3.546127030949612458e+00,2.798207998769541973e+02,1.250346870570931657e+01
5.432566734214186965e+01,1.992342381607489088e+01,1.861436959970927063e+01,-1.180899907430465329e-01,2.416903705252323107e+02,1.391641449712453493e+01
3.941510755558990553e+01,2.016762221144342249e+01,1.724031631547181576e+01,-4.225248119349440112e-01,1.930725402371463701e+02,1.217663877254520699e+01
5.718295960845604498e+01,1.559751403278173143e+01,1.267577232202385851e+01,-2.230063016993366887e+01,2.762353379976590304e+02,1.720191614361062449e+01
6.544096877019801184e+01,2.107829497404933505e+01,2.418433235984956298e+01,-4.262060929216081595e-01,3.293533226736425945e+02,4.534516890251136800e+00
6.509979064350333999e+01,2.106326142918393174e+01,2.479289431559782386e+01,1.741606756644753728e+00,3.504719164519930246e+02,5.503041880393127805e+00
6.119313637732790312e+01,2.066774051113003097e+01,2.406926773830450372e+01,3.746896933120143824e+00,3.159169197990270277e+02,5.691861409060710031e+00
5.579743419264311655e+01,2.164608003676123715e+01,2.426065076230604589e+01,9.277745630891587325e+00,2.066535456780598849e+02,5.448043377437840284e+00
5.774038325164929120e+01,1.420617139011838503e+01,1.289458929393601849e+01,-1.724912612884979879e+01,2.410285312741179951e+02,1.723245629578882898e+01
6.876717944993598053e+01,1.971735558443984004e+01,2.406786101189184279e+01,-3.646446257804854540e-01,3.747080173166219765e+02,4.534516890251136800e+00
6.259260764366457153e+01,1.976355432834020576e+01,2.454146740635403745e+01,3.048315061663299796e-01,3.355690860960124269e+02,5.503041880393127805e+00
5.764838965105617774e+01,1.965547243104598607e+01,2.465377403290028724e+01,4.149251993848668718e+00,2.103053901817728217e+02,5.392992593429696946e+00
5.723726137052197060e+01,1.949567222923263188e+01,2.537556377439733879e+01,6.601965503365729404e+00,2.522670332502397059e+02,5.207683693855089224e+00
5.769295234521494820e+01,1.423323809174108945e+01,1.443466426005893410e+01,-8.801132091375434285e+00,2.078195190412629927e+02,1.622976666705644533e+01
5.108905648972326219e+01,1.989793187466788638e+01,2.476975448641585231e+01,-5.002374011048858371e+00,2.510593861541443914e+02,5.568055468121560381e+00
5.198054988527449893e+01,2.009597882182435313e+01,2.449377962289394262e+01,5.895399068563619061e+00,2.069254132545185030e+02,5.256589896403172979e+00
5.149112915199706464e+01,1.964250102839254808e+01,2.541462283284349866e+01,1.441389892224517943e+01,1.672172488954287815e+02,5.445510130497470236e+00
4.746681354950514731e+01,2.033074119140146863e+01,2.441711011314637148e+01,1.650465243091311152e+01,1.535769354038233416e+02,5.441835504095076104e+00
5.852063484014519190e+01,1.412289364428956162e+01,1.493553159104523154e+01,-4.686870924025422269e+00,2.012768539324695780e+02,1.559492265352975870e+01
5.975168166320454333e+01,1.832960402266326838e+01,2.276131820825612806e+01,-1.515932541303196990e+00,3.054445296231677389e+02,4.291493887664303841e+00
5.505608002931116829e+01,1.854879437630131989e+01,2.291578314673461136e+01,1.434449362839795572e-01,3.131308965519464209e+02,5.245214795529083318e+00
5.572171244092578490e+01,1.844203080832859598e+01,2.276172182234773089e+01,1.175411329026905927e+00,2.337978734861507917e+02,5.323981603843906285e+00
1.226171491473488473e+01,1.361072139775886924e+01,8.225931530015387239e+00,4.320193842139203610e+01,9.283307091831591151e+01,5.168423493747585695e+00
8.783882463715720235e+00,1.213348907184901826e+01,5.800017785812138449e+00,5.951962795145132645e+01,7.456289589553806252e+01,2.285065481102756646e+00
5.563889904233761285e+01,1.581078742955837946e+01,1.711443817886617680e+01,-1.120887096748068501e+01,2.603511481996359294e+02,1.312402893212050436e+01
6.680434097017624140e+01,1.654047427717138063e+01,1.699092385619252354e+01,-7.871644436791145338e+00,3.914105604514699621e+02,1.219812377635250833e+01
2.588527297447172515e+01,1.645320649257042334e+01,1.627279364486370739e+01,-3.376532143011600873e+00,1.881236215446643314e+02,1.356606125079508551e+01
1.416364933109011304e+01,1.600865360819800287e+01,3.387164664223029753e+00,1.966345033795845865e+01,1.372202572476313662e+02,5.349209909468561008e+00
9.069382867767004086e+00,1.288320780746781224e+01,2.571489218997459858e+00,4.818896603897542974e+01,9.504719487713042270e+01,2.205518489706758789e+00
4.462076537681048904e+01,1.594941102598352778e+01,1.976590942602747702e+01,-3.701946053134773429e+00,2.272960306530239336e+02,5.966693861492680995e+00
2.981801120400974980e+01,1.587666224089316813e+01,1.664815361475248068e+01,-1.552468255184680457e+00,2.181347400746463450e+02,5.315751252381305747e+00
2.080330539022970981e+01,1.609533830478601146e+01,1.452378880362563507e+01,6.153231200106435317e+00,2.086639740487314612e+02,5.501406299099417474e+00
1.697943239077602229e+01,1.564943842684203723e+01,8.037620233447468010e+00,1.249696602009232471e+01,1.452865065773445679e+02,5.084701518258306407e+00
7.381550106382544385e+00,1.301200535487639520e+01,6.659351077218625292e+00,4.048238612579877582e+01,1.355317152233450884e+02,1.050328652813695562e+01
2.750232183661033147e+01,1.580669942678951578e+01,1.203806923472627588e+01,2.532996919223748833e+01,1.647775136991129159e+02,6.217962733671763331e+00
3.468160982730023534e+01,1.488190713361790429e+01,2.041071638300818591e+01,7.319565669669822583e+00,2.246028938212276955e+02,6.219809034751623500e+00
9.991711636815338693e+00,1.412214097115309386e+01,5.848341189789712402e+00,4.542836729152087116e+01,9.055159084268470338e+01,5.341225955311489138e+00
7.638973021958172183e+00,1.199726094479277982e+01,6.946565745205647957e+00,5.611636120932908511e+01,6.073759291510908298e+01,5.152246642653803832e+00
6.576604306933504063e+00,1.079072607815457374e+01,4.895280437800981765e+00,4.169425519133147162e+01,7.733400522230242302e+01,2.655767334967377824e+00
2.541306890235823346e+01,1.558047323848968801e+01,1.934999701616570533e+01,1.788846509760596604e+01,1.812917852300103050e+02,5.779468033444327801e+00
2.761677233208782667e+01,1.443257233369048720e+01,1.486401589204937679e+01,1.701512947555414001e+01,1.748909452932830675e+02,6.180376742222525976e+00
1.086078052546140604e+01,1.302561400509271827e+01,9.520640211143945209e+00,3.614415940789399428e+01,1.018502326598931234e+02,5.411792432545629694e+00
7.796505963885038248e+00,1.158967189241977636e+01,8.562333928124772342e+00,5.123719123492427485e+01,7.032958540556316507e+01,5.259446824666031084e+00
7.619914812981266827e+00,1.424081649861708243e+01,4.936577211268683207e+00,4.842509492736498089e+01,7.860657639333763314e+01,1.978902836425053158e+00
2.486363597971066852e+01,1.068414628276163469e+01,7.467171289210596363e+00,8.618315663246386649e+00,2.025744886772352515e+02,7.861849635000059955e+00
6.804175645601433509e+00,2.365176327288828162e+01,6.128867892365909675e+00,4.851027336593379147e+01,6.995584585427970126e+01,5.233987961296724833e+00
6.739751443569361733e+00,2.349740520463872784e+01,6.678614110731272646e+00,4.659625943902569389e+01,7.093663358873726565e+01,5.263893010729352007e+00
6.687580730088406256e+00,2.330259195004112982e+01,6.322523106260884873e+00,4.454298390065399360e+01,7.278622924599487476e+01,5.123994863006126721e+00
5.844671047156456467e+00,1.934999412058504475e+01,3.211125017013991556e+00,4.550996755907499391e+01,6.727041268115355876e+01,1.627531432439795145e+00
7.304557863795039907e+00,1.831793113124541605e+01,2.359310686633929066e+00,4.582029798861718461e+01,7.292448966918547626e+01,4.893140963995992188e+00
7.569349997904755156e+00,1.842658327085803549e+01,2.359310686633929066e+00,4.594813006659177290e+01,7.173515278732674005e+01,4.865666066617204244e+00
7.197051215313600814e+00,1.875016534626347564e+01,2.798369017842517792e+00,4.442487279155120916e+01,7.322612320051651125e+01,4.865666066617204244e+00
7.144880501832645336e+00,2.191218791359483120e+01,2.824861672299237458e+00,4.275045244267196409e+01,7.539687720636536028e+01,4.745850726907164585e+00
1.048413252897494985e+01,1.963217471076249154e+01,3.586136653402397290e+00,3.669765513403272195e+01,6.832508658284046987e+01,1.552199322842404028e+00
1.460241086016399947e+01,2.468768922527044651e+01,5.986609533124922500e+00,3.432106125593298884e+01,6.973702659366873036e+01,5.099055965895772147e+00
1.663339618869918723e+01,2.488416039757872866e+01,6.198429396786591106e+00,3.199711370920931586e+01,7.437170615744666691e+01,5.099055965895772147e+00
1.161961020920852583e+01,2.379922099106455491e+01,5.923663951179864995e+00,3.372812420816590873e+01,7.480830740984063709e+01,5.099055965895772147e+00
1.156235153517177849e+01,2.242190792026905655e+01,6.207846416421813451e+00,2.668078376985503297e+01,7.820645056727722988e+01,4.935643902505199243e+00
5.072271746844510432e+00,1.827954157817292113e+01,5.880445915519923794e+00,3.852872510095681235e+01,7.031150162961073136e+01,1.669960100045343232e+00
9.420465756690372672e+00,2.442665401561571770e+01,6.230791393860685368e+00,3.539497655818922084e+01,6.974145523350169640e+01,4.988980436597826973e+00
7.398331071730656738e+00,2.349685563895354079e+01,6.197682491029531171e+00,3.379968753944109494e+01,7.147117177425685952e+01,4.988980436597826973e+00
6.799793677762761668e+00,2.414424118367288230e+01,6.089561215563570329e+00,3.096333267956588031e+01,7.369104764680479036e+01,4.988980436597826973e+00
6.747622964281806190e+00,2.325135698531726547e+01,6.707210091976823385e+00,2.766958310915498487e+01,7.514189052643665434e+01,4.825568373207254069e+00
5.945605274854154132e+00,1.808656885408484172e+01,5.110195547921450476e+00,4.172007381518784541e+01,6.987643112289858038e+01,1.733566610262215590e+00
8.052281858457282837e+00,2.146039763645686094e+01,6.849583243637195729e+00,3.487432036953225634e+01,6.943012099246742252e+01,5.105824094759474185e+00
8.009199412007916408e+00,2.156442246393038786e+01,6.849583243637195729e+00,3.434955050860521908e+01,6.918091066503596664e+01,5.087863280090868301e+00
8.009199412007916408e+00,2.132668052268410008e+01,6.849583243637195729e+00,3.428398529932696448e+01,7.103572927664231429e+01,5.087863280090868301e+00
7.983484480921801740e+00,2.090097326549703283e+01,6.853988617183951249e+00,3.231822987198187036e+01,7.203210476632109760e+01,4.968047940380828642e+00
7.155011009099308872e+00,1.870277903042775947e+01,4.961563878349560142e+00,4.096706069691310148e+01,6.875348397166203540e+01,2.066734737191690652e+00
6.842876124212128985e+00,2.009026573908083080e+01,7.458497428731391210e+00,3.145527072043653760e+01,7.349497569676100284e+01,5.136800835354613959e+00
6.799793677762761668e+00,2.012396400630178306e+01,6.700951574065305394e+00,2.921951905478256961e+01,7.228023233153031413e+01,5.092982722115872107e+00
6.799793677762761668e+00,1.965462972118768903e+01,6.700951574065305394e+00,3.211661574767600769e+01,7.086524387720568541e+01,5.092982722115872107e+00
7.983484480921801740e+00,1.927339562908633397e+01,6.705356947612060914e+00,3.043485299037119418e+01,7.272046536643752290e+01,4.973167382405832448e+00
5.512176774974633986e+00,1.697296130799042757e+01,3.259707986626290577e+00,4.080931880298575720e+01,6.279965869843089621e+01,2.397654983356517278e+00
6.339916394408133371e+00,1.375836899930351898e+01,3.470357821113837726e+00,3.370991911585965539e+01,7.257673932175742948e+01,5.494956855651817129e+00
6.296833947958766053e+00,1.388333998460572616e+01,2.611928030635364717e+00,3.157701253011504150e+01,7.177004965279810733e+01,5.440242670755035981e+00
6.296833947958766053e+00,1.378699850463613608e+01,2.611928030635364717e+00,3.204535974384336328e+01,7.086524387720568541e+01,5.440242670755035981e+00
7.480524751117807014e+00,1.671936074664215965e+01,2.589691767836230785e+00,3.205684480090468469e+01,7.272046536643752290e+01,5.320427331044996322e+00
6.131672181718347048e+00,1.157393324090742937e+01,2.314948068570444661e+00,3.168287345009905565e+01,7.459154932815371808e+01,2.380061134638945308e+00
1.135716099388928413e+01,2.383297574689610698e+01,8.089814609246433363e+00,3.343898399342202765e+01,7.482629231632900257e+01,5.481990981097037974e+00
1.919942374420127607e+01,1.525848959427879414e+01,8.645924806628674020e+00,2.298227022283845500e+01,1.021074442987469268e+02,5.477544779693141130e+00
1.328506530937463559e+01,2.196771353221617673e+01,8.709896559470896804e+00,3.242466413667606417e+01,8.957709630110926469e+01,5.481990981097037974e+00
1.336611297964226885e+01,2.246995218394643956e+01,8.714301933017653212e+00,2.762177655227588957e+01,9.117126124305406165e+01,5.362175641386998315e+00
6.582750714158547289e+00,2.016682566614227667e+01,6.560948183253047183e+00,4.027474109032916516e+01,7.417761402697590256e+01,2.882693841943672286e+00
9.850748682162643988e+00,1.811868201782700538e+01,7.793863069977488678e+00,3.541217859309529103e+01,7.496246274267177512e+01,5.541181799576291311e+00
1.111531459490028695e+01,1.911651516986513855e+01,8.237889647434316842e+00,3.514625747434838843e+01,7.936168484265219547e+01,5.541181799576291311e+00
1.063100423704633712e+01,1.827350628491960549e+01,8.776422629836098110e+00,3.346276768842783866e+01,8.184634187262307137e+01,5.541181799576291311e+00
8.599178969563915587e+00,1.832008256506626509e+01,7.723839823861024634e+00,3.096351211580038765e+01,8.153114088323735587e+01,5.421366459866251652e+00
2.102048903810107205e+01,1.953417577452098186e+01,1.322100599584908842e+01,2.126721534559363391e+01,1.182568438955552210e+02,5.485866460975635128e+00
3.899469877943626273e+01,1.919007534843265361e+01,1.728383705802912118e+01,1.542451309025622486e+01,1.251027839130887713e+02,8.461730930072937085e+00
3.851913520363153509e+01,1.895587877073793592e+01,1.599048393877430740e+01,1.719124277795450340e+01,1.362659038282522204e+02,8.231171023245073215e+00
3.607501854752719339e+01,2.273049626366330145e+01,1.198333710292337528e+01,1.368156879686477545e+01,1.477601993628819912e+02,8.715326019376419708e+00
1.570542201814255279e+01,1.399408165331093734e+01,8.818509166489899798e+00,2.863868470365229513e+01,9.662690605258461574e+01,5.348343307061273144e+00
1.557453879057242396e+01,1.736100728275982874e+01,7.875549411304598735e+00,2.896607920376054324e+01,9.748104726537383158e+01,3.412560845677591992e+00
2.108055772707801268e+01,1.205784551019625184e+01,8.553310746049241686e+00,1.288647075739650028e+01,1.216927927065567872e+02,5.396962658218237507e+00
2.085624283287100766e+01,1.199376344922691295e+01,8.493459285110443346e+00,2.002646569583427905e+01,1.127534278550852065e+02,5.409375390144743889e+00
4.140322156399479780e+01,2.422142442478882529e+01,1.986218428590623475e+01,-5.992429907230227837e-01,1.785811811870351562e+02,8.240461129951622610e+00
1.260035595069608050e+01,1.217869115163123972e+01,8.445864430028439784e+00,2.522331527383687799e+01,9.354372720990784273e+01,5.296523069337150780e+00
9.086511049939433704e+00,1.878787846957525076e+01,4.444736670714712901e+00,4.592351931405169552e+01,7.498029968339002949e+01,2.893934230955574893e+00
2.518483606334946501e+01,2.187765999592084043e+01,1.516643176214921063e+01,9.782735124195514054e-01,1.635534178024183234e+02,1.869762340638135001e+01
2.513528554832603490e+01,1.915041104619923473e+01,1.063244076037271846e+01,8.130120757951664334e-01,1.661684940709586442e+02,1.835788212444169432e+01
2.210082666268320395e+01,1.469522743402657383e+01,4.940175747220974856e+00,7.539578710593797695e+00,1.498844653627720049e+02,1.806721559672335786e+01
1.379643294258341157e+01,1.544054609194362726e+01,3.488130394475963403e+00,2.604599652883391059e+01,1.055706401761059539e+02,5.193128159848498626e+00
3.561156287894804251e+01,1.847610710331596806e+01,9.365492393292871753e+00,2.174872813094286172e+01,1.367008508988499500e+02,2.407472784603594107e+01
1.665839079040100756e+01,2.012144085902842150e+01,1.022347861129112090e+01,3.419028072551988373e+01,8.402032114071685953e+01,5.345944491900691986e+00
2.028610259933966731e+01,1.864120164660320000e+01,9.839085120615369107e+00,3.589307196169664849e+01,8.887194187201278339e+01,5.365712368823391643e+00
4.803050363412417312e+01,2.218598652826936046e+01,1.952026412938422695e+01,1.699231295803583563e+01,1.296558631918831281e+02,5.636303243124548779e+00
1.244129179791361040e+01,1.641602964027860168e+01,6.620351877501289728e+00,3.182098933900256554e+01,7.859663868123151076e+01,5.153354621052423923e+00
9.825810236843848244e+00,1.088221993980553215e+01,4.723789870011523284e+00,3.911547722402394101e+01,7.952372556067673770e+01,2.353636683866237700e+00
2.584407554183527012e+01,1.875798170091394113e+01,9.565719671568457372e+00,2.221078622290605153e+01,1.129850175490814763e+02,4.823027898071839736e+00
1.981042190619913868e+01,1.825884712113779429e+01,9.521472332127569160e+00,3.358823768589558512e+01,9.683792017913489758e+01,5.309543544059071252e+00
1.482438491618943388e+01,1.931412905022438409e+01,9.322638299825712238e+00,3.329587319561937875e+01,8.957030446013067149e+01,5.313989745462968095e+00
1.461391641761690963e+01,2.086436654098223897e+01,9.327043673372468646e+00,3.227438789869604818e+01,8.549356242491441549e+01,5.194174405752928436e+00
9.306525630620008371e+00,1.795637511091964456e+01,5.953780370956553547e+00,3.866576157182417006e+01,7.905340780703718906e+01,2.381019253907215472e+00
1.702245073146833576e+01,1.902186742975034761e+01,9.497050758007427262e+00,3.165537139698825797e+01,8.672907296608292427e+01,5.263373608730492315e+00
1.859346405436017591e+01,1.930774409395817059e+01,9.480849740199460030e+00,3.378836192607835898e+01,8.822630582888406536e+01,5.247929611560436136e+00
1.217716250311266535e+01,1.782406448401081178e+01,8.216044478241071758e+00,3.675766111554013094e+01,7.721871859514862990e+01,5.245412794061886430e+00
1.231692148804996378e+01,1.864264677788575852e+01,8.528559262631596027e+00,3.279174917917845278e+01,8.206821887133307314e+01,5.125597454351846771e+00
1.050307555645232505e+01,1.193726614624292282e+01,6.062171114185591847e+00,4.908624018145098944e+01,7.638771826997455605e+01,2.670768621718635938e+00
1.985350435264851043e+01,1.287342200750485866e+01,9.430144062223188683e+00,3.378042449567556815e+01,9.075577643086140256e+01,5.301521892461475538e+00
1.961616745519327054e+01,1.289141857353772558e+01,9.430144062223188683e+00,3.608254575673288400e+01,9.376008755608664558e+01,5.274442487436271421e+00
1.881766489111005569e+01,1.328560168092745641e+01,9.430144062223188683e+00,3.219649112562322557e+01,9.618384828074735537e+01,5.274442487436271421e+00
1.841294194153166330e+01,1.305944033872314236e+01,9.545754012399928712e+00,2.870811744911404517e+01,9.562796330174539605e+01,5.154627147726231762e+00
1.691170107976130055e+01,1.174819203944695545e+01,4.561141668159844009e+00,5.716512992790029557e+01,8.882315381729863191e+01,2.818921332637006838e+00
1.522625361768576191e+01,1.264414705507178738e+01,3.057637808958985293e+00,4.044443000368621455e+01,9.012633697354219464e+01,5.257823097903305154e+00
1.518317117123639548e+01,1.270790904807367383e+01,3.057637808958985293e+00,3.892713039503595240e+01,9.353870179503880422e+01,5.270235829829811536e+00
1.419041415614731605e+01,1.343491512751647399e+01,3.135559550036604026e+00,3.505614016460648230e+01,9.544295618756736133e+01,5.270235829829811536e+00
1.378569120656892011e+01,1.662602839151683654e+01,3.224527863867453270e+00,3.181537501946694491e+01,9.440356064050868667e+01,5.150420490119771877e+00
3.656265865859745645e+01,1.269672524969960925e+01,9.814269577956306279e+00,3.929035393567841794e+01,1.207789762022590878e+02,2.617885932937385007e+01
6.730675479812956041e+01,2.281216016189446094e+01,2.415282941459838639e+01,6.615255326594806640e-01,2.928230332371951476e+02,5.422581966306387891e+00
5.856063340124360650e+01,2.221020353324606589e+01,2.446069424828808181e+01,9.330932374137738350e+00,2.378427748523069738e+02,5.824178616798826980e+00
6.097979365958587294e+01,2.288139907646122850e+01,2.463989790203494223e+01,1.131568422157730147e+01,2.172705365530542281e+02,5.483316095886160646e+00
3.514566468617255879e+01,1.969359205795613121e+01,1.608192757781797866e+01,2.629336098057260074e+01,1.066457540875154706e+02,4.922702490654050855e+00
2.219357400680497960e+01,1.168039025582988089e+01,7.931613270334779919e+00,5.082410312215552040e+01,9.344000151680403121e+01,5.499624557689299920e+00
6.605178395154915449e+01,2.230411402683872524e+01,2.481932188137127326e+01,6.184154416706584279e+00,2.021368268978358458e+02,5.444225446612193764e+00
5.931232099861657758e+01,2.194349277023789213e+01,2.342599089385234734e+01,8.881982366710792220e+00,2.024499866847678788e+02,5.983425455741260279e+00
5.262354071157172797e+01,2.046377545586874547e+01,2.333456599599621484e+01,1.294630534521789933e+01,1.647989215433691470e+02,5.294866490511815904e+00
3.539282178124405931e+01,1.809695756251472076e+01,1.592138424264553187e+01,2.512990976271381527e+01,1.084443981392951315e+02,5.085029847177081841e+00
1.167665247775584092e+01,1.139382051648196814e+01,5.934885610056721106e+00,5.230659028689758827e+01,6.974534207478221504e+01,2.609739697365340394e+00
5.683897155067305107e+01,2.196648691060623548e+01,2.493712801241842669e+01,9.052471952905170482e+00,1.959459180389650896e+02,5.607477004908665741e+00
3.340198124458093076e+01,1.715167189124012381e+01,1.733689756709344820e+01,3.375065854792614317e+01,1.066299863183052850e+02,5.389210859902915374e+00
1.488975081722770888e+01,1.514160882452665646e+01,1.029837608323066966e+01,4.610372584255524941e+01,7.795807249922425797e+01,5.234073799984901854e+00
1.634604204930177929e+01,1.357057763645214266e+01,8.733085688235073363e+00,3.448495686882583300e+01,5.139079099797025663e+01,5.097519752061324461e+00
8.685462487456149461e+00,1.162029242663092710e+01,5.892413223050956717e+00,4.260838573547374608e+01,5.956424711829013319e+01,2.661116780944926763e+00
5.844343748486364376e+01,2.011685621840033988e+01,2.460146489075187759e+01,1.687012427861488817e+01,1.235580867156247109e+02,6.475995387029019668e+00
5.722420466858707755e+01,2.139918630278032552e+01,2.515956266300140953e+01,8.320860713907444861e+00,1.568479464158230883e+02,5.623886515147679788e+00
5.836859427436328218e+01,2.037129816953916972e+01,2.452417575291297069e+01,8.858477529105799775e+00,1.481729236342467004e+02,6.045706201630284049e+00
1.420392215167532868e+01,1.357839079299673379e+01,9.036498614134421459e+00,3.919643279333647712e+01,7.081873513745209436e+01,5.648509789994533570e+00
6.638756228268078985e+00,1.090003293086635772e+01,3.824548819276579970e+00,3.788917690058567445e+01,6.467190240193869499e+01,2.565656356284550466e+00
2.904319337448407978e+01,2.105558683415907950e+01,2.041500963064017071e+01,4.670472681929683034e+01,1.007551388095964029e+02,2.079042339466743883e+01
6.634492542525926240e+01,2.344167570139782697e+01,2.297940796759113624e+01,5.306200447267791276e+01,1.296740177482748493e+02,2.129205738385694247e+01
1.930475818705482993e+01,1.545392298801808728e+01,2.073729453172084014e+00,4.159791336000098028e+01,1.103691951980379713e+02,1.042261520792229312e+01
9.334539774849170968e+00,1.649838926993272281e+01,3.197981392256155075e+00,4.423394859394198875e+01,6.879610549010433829e+01,5.576367432316054362e+00
4.880647457688029434e+00,1.254810801120251362e+01,3.221128449081477108e+00,2.340370391308388698e-01,6.212829486971795490e+01,3.687910482615308183e+00
4.070591193730012236e+01,2.224031079624769447e+01,1.997735295275815659e+01,5.286855995543192677e+01,7.262732359416128247e+01,6.503501338772603724e+00
2.422766236541347595e+01,2.167580789774064343e+01,1.939402929930700736e+01,5.023247340428786600e+01,6.942392247700196606e+01,5.295855710633997404e+00
1.774159507419956938e+01,2.234235928387880321e+01,1.210841104619452580e+01,4.050470952905627797e+01,7.357180447481411534e+01,7.640227285785288203e+00
1.130130411493410669e+01,2.199921736854849286e+01,9.577975310856563951e+00,3.098132857569336451e+01,6.709365143207813276e+01,5.485550774133624685e+00
7.344855469154076388e+00,1.216285438304159960e+01,5.151810970501614406e+00,3.392830348057307077e+01,6.391120235137520211e+01,3.877241470701028980e+00
5.559503755311760642e+01,2.749569173974992609e+01,3.149037304512435753e+01,8.234187085931681338e+01,9.337366669739876102e+01,6.738083049016908355e+00
5.293095272963495290e+01,2.579500378991246023e+01,2.861357764239433976e+01,7.477072732309082426e+01,9.489069348988405750e+01,7.189983568582229090e+00
2.530459086261367929e+01,2.095001468085597551e+01,1.177804656641647085e+01,4.493068178886555586e+01,6.932201793670893153e+01,7.391043000595447943e+00
1.497032303935074715e+01,2.073935996880313937e+01,8.943855883478759594e+00,4.256775447604353957e+01,6.494373599465316715e+01,5.814453423514258645e+00
8.153201751493883265e+00,1.185986193108498199e+01,5.694673109083990603e+00,5.514258262872714766e+01,6.177344759883379766e+01,3.669302651508911328e+00
6.961510770745870502e+01,2.800180439165656310e+01,3.400164460763921426e+01,7.481467094842443544e+01,1.465176791591902088e+02,9.693155595678058845e+00
7.386135790764321030e+01,2.764687395441512052e+01,3.373291246377559816e+01,8.581253624276270386e+01,1.197786021714766349e+02,7.350743274940586325e+00
4.016678277506962047e+01,2.130285611453831862e+01,1.986633474935577226e+01,4.530082324678430439e+01,7.108748081901407545e+01,5.692921371871814351e+00
2.687279494348814524e+01,2.066702456997102288e+01,1.281001908246931009e+01,4.576056463412754738e+01,7.770729932372621818e+01,7.338201374754484974e+00
1.121462739173863099e+01,1.213360373868618858e+01,7.493021744502489589e+00,7.497454419723160868e+01,5.924696884287422449e+01,3.876245811245348616e+00
4.836046822472461315e+01,1.648980853852422257e+01,2.027340509547344283e+01,5.534299617155308226e+01,5.877871490557726730e+01,5.585374055425639916e+00
2.882162533321705311e+01,1.568482020600269422e+01,1.694652024986372041e+01,5.506564781069584313e+01,7.120151718414686570e+01,6.426001274469060220e+00
1.823316831299806395e+01,1.570731916084071855e+01,1.188799069041825263e+01,4.874200417915184858e+01,6.747264153516425722e+01,5.436913617341869731e+00
1.467445662237817494e+01,1.816735403292822681e+01,9.175093902846064964e+00,1.709641725169358750e+01,6.628105664691356935e+01,5.540140965431029407e+00
6.751881324441916021e+00,1.315779752566343141e+01,2.703412720252295287e+00,1.353169235499739109e+01,5.995637089374362461e+01,3.435256195947240965e+00
2.022862248065390389e+01,1.172640677102295825e+01,4.861740680516938973e+00,7.712477512808929703e+01,6.350995435635660868e+01,1.822183545306918262e+01
1.755095205540359871e+01,1.236447469966052815e+01,5.324105899345763504e+00,7.712477512808929703e+01,7.464471959293260284e+01,1.384273975708653914e+01
1.111603684139910975e+01,1.339801578750756939e+01,4.177592253692710145e+00,7.402460323621522775e+01,6.439645302385515890e+01,5.112342868335223223e+00
9.120827259852466895e+00,1.738641667121026657e+01,2.745576693613709374e+00,3.163030917173507817e+01,6.632836484271133770e+01,4.834206287840614458e+00
8.465184104674698062e+00,1.328824048174123895e+01,2.892051844437320884e+00,-7.716502876638616115e+00,7.287830947602631682e+01,4.015618185803355722e+00
2.931286821556246380e+01,1.850812533880902322e+01,1.538047743109166987e+01,5.876747176615031520e+01,6.927551083613259664e+01,8.448218298989397468e+00
2.885423313507824616e+01,1.857729077719726618e+01,1.469482589041285259e+01,5.643191081854551072e+01,6.963978455360395969e+01,1.030547682494203166e+01
1.671598525230745835e+01,1.589362821344922239e+01,1.095138506689725055e+01,5.124522097267038134e+01,7.136895739731693311e+01,5.990559104555054581e+00
1.373047069899224581e+01,2.074892642737106030e+01,9.075267579876753032e+00,1.467875700698279573e+01,7.280681315847584756e+01,6.335932698371252947e+00
7.912578464327092220e+00,1.280474504585977868e+01,6.359831273148902397e+00,5.976726114222618946e+01,6.232897528318146385e+01,3.506904047734495933e+00
4.042688001713291612e+01,2.039408030112218739e+01,1.967659675115671902e+01,5.688617810597318680e+01,6.860922877478972737e+01,5.627839328059899948e+00
2.281215522461868872e+01,1.906825819609947459e+01,1.352169402690276634e+01,5.455061715836838232e+01,7.224448096546481679e+01,6.444370613874688125e+00
1.661311104869189847e+01,1.664308538906658441e+01,1.071534128892248994e+01,5.319271133780869576e+01,6.905873804561460361e+01,4.779599852523351622e+00
1.399865236630837018e+01,2.137784174697543804e+01,8.011437856443528460e+00,2.930080438946679777e+01,6.599071428797590499e+01,5.294815941212971389e+00
8.720924746666897320e+00,1.345387777545415098e+01,5.294039487327808935e+00,1.024108918074469088e+01,6.778633864186191715e+01,3.331002866981808364e+00
5.466099600487498122e+01,2.529299269320294385e+01,3.761194283417363948e+01,6.196215774949072141e+01,6.862250975886284721e+01,8.588432113568972071e+00
4.740282771517736649e+01,2.019319642753961830e+01,1.983524213900741984e+01,5.678327506843463368e+01,5.879638039329299204e+01,8.004855741160776361e+00
1.947245368723207548e+01,1.583130816331508939e+01,1.091662815642686724e+01,5.760378637245804612e+01,6.665963096802850885e+01,6.071808134008425561e+00
1.399865236630837018e+01,2.090759915078958997e+01,8.082083423636770902e+00,8.816886954167976853e+00,6.412496101448157049e+01,5.537579388272991565e+00
1.176958716775720859e+01,1.281201440664739266e+01,5.294039487327808935e+00,1.371661904822633282e+00,6.811467230280410945e+01,4.626644561242301279e+00
6.311674576768373868e+01,3.044042458296668130e+01,3.595640253913555995e+01,1.071279025075489812e+02,7.205633459967381782e+01,6.556898909521009067e+00
5.546349489559087687e+01,2.205671025613150960e+01,3.720772216238227514e+01,6.022227261191016368e+01,6.857239753834704743e+01,9.890512881457533823e+00
2.456295804270211036e+01,1.627078848659659371e+01,1.395389126657094003e+01,5.500059994288981358e+01,7.196930480785306372e+01,7.062827217942958313e+00
1.496802841064453560e+01,1.822807049334815588e+01,8.252681758839640835e+00,2.294408430247105102e+01,6.692094943538342022e+01,7.167415453654133017e+00
9.549181288692286884e+00,1.359440191713444790e+01,3.478182608664972530e+00,3.724448738037487061e+01,6.407584561998586992e+01,4.098708523143514526e+00
6.798478133041446370e+01,2.910347236245850766e+01,2.684206747016010652e+01,5.932360919571113556e+01,1.822808244308228609e+02,2.328911532606824153e+01
2.731334019863546203e+01,2.666289864082459715e+01,2.778463780406014649e+01,7.835595955330069273e+01,6.969377026299804356e+01,2.268078568041465815e+01
1.225070519330007102e+01,1.601772648371780861e+01,5.686452973560652602e+00,7.060232703582340719e+01,6.254817260993769423e+01,1.698364036695251045e+01
8.969257742983655746e+00,1.792456013142859916e+01,4.084332535907653217e+00,7.400447260453640297e+01,5.444933370567556352e+01,6.947226855907907783e+00
8.867502546054861767e+00,1.335157324486551644e+01,4.984510163520392112e+00,3.299118966355646165e+01,6.410953310964349328e+01,3.742814897533238039e+00
7.157081737514350550e+01,3.384123342552979352e+01,3.528853317347391538e+01,7.888968029455298847e+00,2.683975411932459565e+02,8.959955364707083092e+00
7.105405944777722027e+01,3.304187358490494830e+01,3.757558798801984068e+01,1.942357338059282057e+01,2.496134564875837327e+02,1.288324707079674347e+01
6.657429021118004187e+01,2.886576116672951642e+01,4.064912634447988182e+01,5.599656152864294256e+01,5.588955790833514214e+01,9.172402421506559378e+00
2.708359221182920962e+01,1.953386858624604372e+01,1.385360763374177040e+01,6.874638784937862113e+01,4.928176975558525896e+01,6.119005815496585399e+00
8.735070123660252150e+00,1.176987759519429311e+01,8.469068011307737009e+00,5.433971403790972943e+01,6.350645499673435523e+01,3.653449618513505026e+00
5.757169730059504786e+01,3.327907907802151755e+01,3.669906080410673610e+01,7.586996194190006371e+00,2.115278927506237210e+02,9.559187583840984104e+00
5.954212117418315131e+01,3.292328678079209681e+01,4.166382487691573999e+01,7.333417635871201412e+01,1.238304988023559758e+02,7.282281347058076726e+00
4.359781289785478009e+01,2.320391400819642769e+01,4.065233083840173123e+01,3.781337042185176500e+01,6.491398114917224405e+01,5.889100321151480522e+00
2.105679686519901850e+01,1.749483824976188728e+01,1.356645820324099638e+01,4.594221744672664443e+01,6.432311539836366876e+01,5.465287067623705752e+00
8.733182587205423175e+00,1.209383843713804829e+01,8.282435710479813196e+00,5.454890541139253912e+01,6.758410490507415602e+01,3.309000660672893890e+00
5.829271448944365375e+01,3.371618452924797538e+01,4.255302148258197548e+01,7.876677939493676206e+01,6.839864350446191565e+01,2.131490741869660699e+00
4.257410454847373416e+01,2.466199480188780058e+01,2.981384279643667767e+01,2.956932652582128540e+01,6.519590747232948047e+01,5.108494169296736942e+00
3.015637990780298594e+01,2.143750724328310753e+01,1.706862003951478002e+01,2.976414605429190630e+01,7.750365195481927572e+01,5.978250206332735850e+00
2.083971004209483979e+01,1.601751208281087813e+01,1.312347847271620438e+01,1.054696567955835107e+01,7.505771066568891570e+01,6.668637295047699531e+00
1.073572329175271101e+01,1.238917706467215574e+01,7.098138517414079196e+00,2.172631652466512620e+01,7.661843948619200262e+01,2.583735343396590611e+00
5.430512989990786821e+01,2.390629226434927901e+01,3.809817169863205777e+01,2.009574557776587511e+01,7.004751143006572534e+01,4.697327551667122153e-02
5.323666354336202033e+01,2.166198115841041982e+01,2.790862918088835087e+01,2.429943042399914077e+01,6.345679135503771562e+01,3.256332145535188793e+00
3.143158923598718602e+01,1.742273456173914070e+01,1.530554632887549715e+01,2.108593016346924287e+01,7.273407526090228714e+01,4.082287703581764404e+00
2.342401813109160003e+01,1.484268077669490360e+01,1.324179391463700917e+01,7.964795194679153978e-01,7.700177212887602707e+01,6.694214529909876532e+00
8.381463843914282563e+00,1.324347092854561403e+01,3.739407946002772487e+00,5.321618965480337415e+00,7.629710708329288593e+01,3.394957105928385843e+00
2.765534797010009882e+01,2.236063753405249344e+01,2.499107753491320949e+01,4.107447029262287685e+01,6.630900281282937669e+01,2.108352091506041148e+01
2.918061918888832196e+01,2.262241878156810060e+01,2.499107753491320949e+01,4.872598119884455770e+01,6.200368816485044476e+01,1.908676836819763523e+01
2.394280630916129482e+01,1.578611610152697864e+01,2.075722064115215204e+00,4.854492957823277521e+01,7.004691894212831471e+01,1.633057567108438235e+01
8.929830496445452681e+00,1.641143533049510239e+01,3.752892530979455188e+00,4.099881646772789168e+01,6.611691347269739083e+01,6.916421460251227060e+00
1.091458387447834077e+01,1.401366586230886924e+01,5.901726848279899684e+00,-4.772165546166636574e+00,7.852694962616408247e+01,5.855127593117978257e+00
5.724861338954840306e+01,3.710375292181053197e+01,4.574905345929858669e+01,-1.914588474597386902e+00,7.850875338249679203e+01,1.450794707990615073e+01
6.355446195145256638e+01,3.501036854083349681e+01,4.047350723138477235e+01,-6.429767280233784632e+00,7.776432631865905876e+01,9.875883991630374226e+00
4.905694521737869707e+01,2.864306044183018685e+01,2.640340310157798953e+01,-3.276467296318249822e+01,7.201755343412831678e+01,1.471763353631540916e+01
3.220709520109701174e+01,2.667931421038930750e+01,1.972347622507669840e+01,-1.906746935422818012e+01,6.816041325141200957e+01,8.095576475739324707e+00
1.000614238323315064e+01,1.286966985658042439e+01,8.530102503552550175e+00,2.720467581938330426e+01,7.256391573153545949e+01,5.886753310847358200e+00
5.861297658735046667e+01,3.599773988887105247e+01,4.275746622877987591e+01,-6.514919823584627068e+00,8.855959989296637502e+01,8.731156058772503670e+00
5.182632948303413656e+01,3.232044800005581209e+01,4.027482876794932309e+01,-2.095467906599710872e+01,8.767137843314604595e+01,8.539703871915257594e+00
3.926372788056795571e+01,2.695297113593595384e+01,2.637557538232800525e+01,-2.654892321811150424e+01,8.330348876676785608e+01,1.300019060260121151e+01
2.546892199303866988e+01,2.690531070743449860e+01,1.901356278252686849e+01,-1.672448074159445497e+01,8.193442070815390821e+01,6.830735892450234381e+00
1.110151314277537438e+01,1.455004082891548656e+01,1.097370546901230881e+01,-3.022234136690700623e+00,8.081543675199922916e+01,5.205296432342199076e+00
5.750217595317220542e+01,3.429247672161956473e+01,4.077857653309652619e+01,-8.549648317872483361e+00,8.833101499251679911e+01,1.321468234398226826e+01
5.453550747398389831e+01,3.359479422310421626e+01,4.180474302385331953e+01,-5.481746757815672666e+00,8.860302314737535312e+01,8.123162022582338437e+00
3.706225367152514139e+01,2.689226558870091921e+01,2.934850371271947012e+01,-2.282195999235791462e+01,8.963127759396881800e+01,1.317769144220580735e+01
2.532774012350142101e+01,2.642712742822035210e+01,2.061785802376627075e+01,-1.557655731958832490e+01,9.629070903000543069e+01,6.964233604212773265e+00
1.064157346594299547e+01,1.294309722881199676e+01,1.422649198716341701e+01,3.860853180792918238e+01,7.732695880630110707e+01,5.263558163720713168e+00
6.682332412883562256e+01,3.155208213020666719e+01,4.548536219170405559e+01,2.043788731754324672e+01,9.685178494463978893e+01,9.419753396326577821e-01
6.225219883531072185e+01,2.823013193617788019e+01,3.912442762111993488e+01,-3.173119749596777339e+00,8.893923678039577396e+01,6.568824810520051294e+00
3.352141760139303983e+01,2.169541482125060128e+01,2.940535594303352340e+01,-1.505249521919871825e+01,9.564103347067563732e+01,1.183624874344726585e+01
2.110327777206706656e+01,2.063914551207072279e+01,2.132531108455705393e+01,-3.975065566999638200e-01,9.341836834481182450e+01,7.671285220208911682e+00
8.364882321089249118e+00,1.275745030170540062e+01,9.019818632882653731e+00,9.793558344113520775e+00,7.596092298147996758e+01,4.691594215531331713e+00
6.404921804859002066e+01,2.846450515237348000e+01,2.584610868169625775e+01,2.966896115684032154e+01,9.374999671592604500e+01,1.521257712851364374e+01
4.240818449834494430e+01,2.227522545368717033e+01,2.214338637329480619e+01,8.585346344075928116e+00,9.648161148115903529e+01,2.077696519699906830e+01
2.331327674384220217e+01,1.728324928010089678e+01,1.377891204244076384e+01,-3.029952847216010436e+00,1.017662198915183041e+02,2.133295017579079911e+01
8.324711861177608085e+00,1.568917345776755567e+01,1.227172059256161596e+01,-2.638637350704389206e+00,1.048757130469829661e+02,7.274291111142948019e+00
5.365073589038340529e+00,1.305656191081556727e+01,5.379943292404268718e+00,1.645700363935782917e+01,6.096607453245807307e+01,6.876074932880203328e+00
5.982967842342625175e+01,3.602655317904385868e+01,3.832279786855981030e+01,6.883727230120506135e+01,4.501890747455696840e+01,1.783804911426641127e+01
5.369697589167533636e+01,3.333253234521531994e+01,2.960479375668961310e+01,6.200613499174836107e+01,5.051613600716021324e+01,1.667107841138409441e+01
3.801517761971959430e+01,2.964449516435128018e+01,1.769109911790189216e+01,6.480962097715701020e+01,4.440243177979801459e+01,1.966931941142154727e+01
1.510448022278638724e+01,2.507831505773651770e+01,1.273364058088706052e+01,6.936094876082378846e+01,4.142972972577287294e+01,1.014554844202710271e+01
